family,condition,token_type,n,mean,min,p10,median,max
hotpotqa,error_recovery,response,817,0.9834741572968791,0.4001118703716721,0.9877703245155834,1.0,1.0
hotpotqa,error_recovery,tool_call,1932,0.9940517369973629,0.29620150289263186,0.9999988079092361,1.0,1.0
hotpotqa,multi_step,response,2603,0.9822521569637568,0.2088327685153581,0.9927003667286568,1.0,1.0
hotpotqa,multi_step,tool_call,3080,0.9946254036050981,0.3297527644685169,1.0,1.0,1.0
hotpotqa,simple,response,2082,0.9839894349600238,0.2554077280616787,0.9996276432814827,1.0,1.0
hotpotqa,simple,tool_call,2217,0.9944119409743104,0.2770675654605976,0.9999986887001526,1.0,1.0
mbpp,long_context,response,17768,0.9920260918057905,0.20118312566718366,0.9994474166009525,1.0,1.0
mbpp,long_context,tool_call,12041,0.9986682750520284,0.2525999523397987,0.9999966621572867,1.0,1.0
mbpp,multi_step,response,23537,0.9885682173096882,0.17424985469564827,0.998577633030488,1.0,1.0
mbpp,multi_step,tool_call,14867,0.9980194767213201,0.19214895084722733,0.9999970197803876,1.0,1.0
mbpp,simple,response,22665,0.989663722653286,0.1934897601269117,0.9994990728548283,1.0,1.0
mbpp,simple,tool_call,17336,0.9985975666836908,0.29476153209432365,0.9999945164085203,1.0,1.0
mocks,error_recovery,response,16,0.9761443198155673,0.663568642295566,0.663568642295566,1.0,1.0
mocks,error_recovery,tool_call,40,0.9996805049155013,0.9927733961994042,0.9999684108612186,1.0,1.0
mocks,multi_step,response,39,0.995568413690498,0.8271727828314205,0.9999996423940232,1.0,1.0
mocks,multi_step,tool_call,102,0.9990095537410713,0.95144578286689,0.9999995231630692,1.0,1.0
mocks,simple,response,19,0.9763769520848542,0.6970620472453499,0.6970620472453499,1.0,1.0
mocks,simple,tool_call,19,0.9981684120279005,0.9652473903484855,0.9652473903484855,1.0,1.0
